id;title;description;description_content_type;start_time;end_time
1;Administrator holistic engine;../fake-data/blob/hipster.png;image/png;2021-05-20T02:50:12;2021-05-20T03:16:24
2;Dynamic Massachusetts;../fake-data/blob/hipster.png;image/png;2021-05-19T23:46:57;2021-05-20T08:58:47
3;compress Licensed;../fake-data/blob/hipster.png;image/png;2021-05-20T03:04:58;2021-05-20T12:19:37
4;Rubber De-engineered;../fake-data/blob/hipster.png;image/png;2021-05-19T18:49:35;2021-05-20T05:04:49
5;online Chips panel;../fake-data/blob/hipster.png;image/png;2021-05-20T03:57:48;2021-05-19T17:16:04
6;Plastic Handmade;../fake-data/blob/hipster.png;image/png;2021-05-19T18:18:21;2021-05-19T22:30:42
7;Haiti payment;../fake-data/blob/hipster.png;image/png;2021-05-20T02:50:50;2021-05-20T06:48:27
8;Cayman Awesome e-enable;../fake-data/blob/hipster.png;image/png;2021-05-19T19:39:43;2021-05-20T05:15:03
9;optimize;../fake-data/blob/hipster.png;image/png;2021-05-20T11:03:11;2021-05-19T20:18:08
10;Lodge;../fake-data/blob/hipster.png;image/png;2021-05-20T09:12:30;2021-05-20T03:49:12
