id;title;description;start_time;end_time
1;Administrator holistic engine;../fake-data/blob/hipster.txt;2021-05-20T02:50:46;2021-05-20T03:16:58
2;Dynamic Massachusetts;../fake-data/blob/hipster.txt;2021-05-19T23:47:31;2021-05-20T08:59:21
3;compress Licensed;../fake-data/blob/hipster.txt;2021-05-20T03:05:32;2021-05-20T12:20:11
4;Rubber De-engineered;../fake-data/blob/hipster.txt;2021-05-19T18:50:09;2021-05-20T05:05:23
5;online Chips panel;../fake-data/blob/hipster.txt;2021-05-20T03:58:22;2021-05-19T17:16:38
6;Plastic Handmade;../fake-data/blob/hipster.txt;2021-05-19T18:18:55;2021-05-19T22:31:16
7;Haiti payment;../fake-data/blob/hipster.txt;2021-05-20T02:51:24;2021-05-20T06:49:01
8;Cayman Awesome e-enable;../fake-data/blob/hipster.txt;2021-05-19T19:40:17;2021-05-20T05:15:37
9;optimize;../fake-data/blob/hipster.txt;2021-05-20T11:03:45;2021-05-19T20:18:42
10;Lodge;../fake-data/blob/hipster.txt;2021-05-20T09:13:04;2021-05-20T03:49:46
