id;first_name;sure_name;email;twitter;bio
1;Bianka;Unbranded Frozen attitude-oriented;Erna.Buckridge38@hotmail.com;District scalable Steel;../fake-data/blob/hipster.txt
2;Giovanna;Accountability;Zelma_Jenkins23@hotmail.com;Tasty;../fake-data/blob/hipster.txt
3;Brook;Implemented line port;Beau.Mueller73@yahoo.com;matrix;../fake-data/blob/hipster.txt
4;Kimberly;Fully-configurable PCI Car;Kennedi.Grady@yahoo.com;Orchestrator Handmade;../fake-data/blob/hipster.txt
5;Heloise;SMS;Terry.OHara@hotmail.com;cross-platform;../fake-data/blob/hipster.txt
6;Elwin;Card Research;Jennyfer.Hirthe58@yahoo.com;open-source compress;../fake-data/blob/hipster.txt
7;Gregg;Dynamic;Evalyn.Lebsack29@hotmail.com;Unbranded Generic Antillian;../fake-data/blob/hipster.txt
8;Orville;Unbranded Springs GB;Kari.Schmeler@hotmail.com;Shirt;../fake-data/blob/hipster.txt
9;Sandrine;Practical Lead;Hortense63@hotmail.com;compress Czech District;../fake-data/blob/hipster.txt
10;Sarina;generating incubate RAM;Sophie.Schmidt38@hotmail.com;Metal Springs Wyoming;../fake-data/blob/hipster.txt
